,Username,Age,Date
0,47xxx,21,2016-12-25
1,WalleyDon,38,2016-12-25
2,ceecane2,31,2016-12-25
3,muusa81,35,2016-12-25
4,zeentah,26,2016-12-25
5,joelenesleek,26,2016-12-25
6,dontinero,36,2016-12-25
7,BARRYVN2016,28,2016-12-25
8,abelincon,32,2016-12-25
9,Ezyoung,23,2016-12-25
10,athaboi,35,2016-12-25
11,elclark,27,2016-12-25
12,Ifeanyie12,31,2016-12-25
13,iKON11,26,2016-12-25
14,uzowulu8,23,2016-12-25
15,odapey,20,2016-12-25
16,Orusuangama666,27,2016-12-25
17,brownemmanuel43,36,2016-12-25
18,PoDeep,26,2016-12-25
19,Prowess95,21,2016-12-25
20,bvgfhrht,33,2016-12-25
21,chrisantus25,24,2016-12-25
22,Abbey1983,33,2016-12-25
23,k9ine,36,2016-12-25
24,odunbabe,38,2016-12-25
25,lifah,24,2016-12-25
26,aoyih,29,2016-12-25
27,madridsta007,27,2016-12-25
28,missjo,32,2016-12-25
29,AhmadGaladanchi,24,2016-12-25
30,Lucasbalo,37,2016-12-25
31,OmaHomes,26,2016-12-25
32,abeybest,37,2016-12-25
33,irevwoyeri,22,2016-12-25
34,Henesi2010,38,2016-12-25
35,kelvincoke,26,2016-12-25
36,brendan25,26,2016-12-25
37,chummyluv1,26,2016-12-25
38,gbadaniyi,35,2016-12-25
39,emmydollars4life,34,2016-12-25
40,emzyphynext,17,2016-12-25
41,badmuspeace,31,2016-12-25
42,Jesusbaby1,26,2016-12-25
43,praz001,29,2016-12-25
44,Hackportal,21,2016-12-25
45,Godpikin3,22,2016-12-25
46,godswilliz,20,2016-12-25
47,reallest,23,2016-12-25
48,Uniquexty,26,2016-12-25
49,Chriz,32,2016-12-25
50,odunola25,26,2016-12-25
51,SherylMiracle,19,2016-12-25
52,Topman0001,33,2016-12-25
53,McAustin92,24,2016-12-25
54,optimist25,24,2016-12-25
55,Omowalksola,20,2016-12-25
56,kickman,57,2016-12-25
57,jemmanuella97,26,2016-12-25
58,Littlelordpayne,19,2016-12-25
59,julybaba,28,2016-12-25
60,emahochan,30,2016-12-25
61,mykeldhamist,20,2016-12-25
62,elosar,29,2016-12-25
63,hordhunharyor,20,2016-12-25
64,Emac34,24,2016-12-25
65,Emmauni,30,2016-12-25
66,ChrisEditor,28,2016-12-25
67,EURObiz2017,20,2016-12-25
68,quinnjay,24,2016-12-25
69,Ping411,28,2016-12-25
70,Leavethevillage,35,2016-12-25
71,Emarch,21,2016-12-25
72,ptaller,38,2016-12-25
73,Bensmart04,26,2016-12-25
74,Manxcopido,27,2016-12-25
75,christygenius,31,2016-12-25
76,Cvesta,25,2016-12-25
77,dandig,23,2016-12-25
78,tpalan,30,2016-12-25
79,NuellaJ,34,2016-12-25
80,oluwaseyiwhyte,27,2016-12-25
81,emmboy,25,2016-12-25
82,phaulzoe,21,2016-12-25
83,jaybwoi,35,2016-12-25
84,breezytokz,24,2016-12-25
85,Reeoman,19,2016-12-25
86,fem88,33,2016-12-25
87,abbeyie007,34,2016-12-25
88,Akinoau,26,2016-12-25
89,bboy4sure,29,2016-12-25
90,loverboi077,27,2016-12-25
91,odun99,28,2016-12-25
92,Vinshu,29,2016-12-25
93,beordune,33,2016-12-25
94,dewumi77,27,2016-12-25
95,Decaroso216,57,2016-12-25
96,zees,23,2016-12-25
97,emmajew,44,2016-12-25
98,MonitorinSpirit,39,2016-12-25
99,uchechenas,31,2016-12-25
100,bomboyi,43,2016-12-25
101,savcy,28,2016-12-25
102,sunhosting,30,2016-12-25
103,ussyposh,23,2016-12-25
104,Ike77503,38,2016-12-25
105,polydoctor,24,2016-12-25
106,westerm,21,2016-12-25
107,markndagi,21,2016-12-25
108,onysolz,28,2016-12-25
109,KryptonKing,21,2016-12-25
110,lukma227,34,2016-12-25
111,khrixtie,19,2016-12-25
112,HopicoCage,32,2016-12-25
113,abbeyoye2001,38,2016-12-25
114,abinsco25,36,2016-12-25
115,Phages,23,2016-12-25
116,lawnreigh,25,2016-12-25
117,TemiOlagoke,20,2016-12-25
118,gbudujames,37,2016-12-25
119,kestolove95,26,2016-12-25
120,kmoney11,30,2016-12-25
121,solidofor,27,2016-12-25
122,Anijay1212,37,2016-12-25
123,emzygab,33,2016-12-25
124,Bashirfuntua,29,2016-12-25
125,Bwhyflowz,21,2016-12-25
126,khalleb,29,2016-12-25
127,onyiiella,30,2016-12-25
128,mosesfrank,20,2016-12-25
129,Beebaat,24,2016-12-25
130,Ajuma002,22,2016-12-25
131,CHIDIEBEREE,23,2016-12-25
132,MamaTej,25,2016-12-25
133,Adiola,26,2016-12-25
134,Jazkid,26,2016-12-25
135,Hydy,26,2016-12-25
136,chubysoft1,31,2016-12-25
137,ghetto101,28,2016-12-25
138,dimeji877,19,2016-12-25
139,codedruns2,24,2016-12-25
140,Daydream252,26,2016-12-25
141,emmydex,30,2016-12-25
142,kirstyn,22,2016-12-25
143,emonye6,24,2016-12-25
144,abelee,32,2016-12-25
145,Drbiodun,18,2016-12-25
146,Swaqwiz,22,2016-12-25
147,topeal,38,2016-12-25
148,leleji,25,2016-12-25
149,ttsoft,25,2016-12-25
150,DCMIX,30,2016-12-25
151,TechnicalRex,24,2016-12-25
152,kabiodun12,32,2016-12-25
153,Jraph,26,2016-12-25
154,Eniqma,23,2016-12-25
155,Byosky,33,2016-12-25
156,impeccablemee,27,2016-12-25
157,Nacoss25,27,2016-12-25
158,tecobet1,84,2016-12-25
159,Bullet4U,23,2016-12-25
160,ApostleBlack,28,2016-12-25
161,Castleberry,19,2016-12-25
162,stealthtiger,19,2016-12-25
163,kellyimma,21,2016-12-25
164,masterjoseph,22,2016-12-25
165,djpop100,21,2016-12-25
166,spenx084,31,2016-12-25
167,CR77,30,2016-12-25
168,tyson99,36,2016-12-25
169,iamsholex,21,2016-12-25
170,MacZarfund,24,2016-12-25
171,brainiac5,19,2016-12-25
172,goldenceo1,52,2016-12-25
173,attah01,21,2016-12-25
174,Sureaboki925,28,2016-12-25
175,hamzakito,23,2016-12-25
176,Biodex58,18,2016-12-25
177,seyiofficial,23,2016-12-25
178,dbaddestboy,19,2016-12-25
179,kryptonian1987,29,2016-12-25
180,Abord22,22,2016-12-25
181,babino22,31,2016-12-25
182,sagaciousity,23,2016-12-25
183,emeekaa,26,2016-12-25
184,Blofeld,36,2016-12-25
185,princeofpeace22,36,2016-12-25
186,dijitossy,33,2016-12-25
187,bizhop01,26,2016-12-25
188,sampled,23,2016-12-25
189,titted,27,2016-12-25
190,Chokmah,22,2016-12-25
191,McAbbey007,28,2016-12-25
192,LeslieChow,36,2016-12-25
193,MrFootball,46,2016-12-25
194,ChemicalReaction,19,2016-12-25
195,Pureheart91,26,2016-12-25
196,ikpiiwara,28,2016-12-25
197,NaijaCover,24,2016-12-25
198,gokecont,25,2016-12-25
199,Okeikpu,34,2016-12-25
200,jakiedudu,33,2016-12-25
